{"train_loss": 97.23991394042969, "_runtime": 2214, "_timestamp": 1636515056, "_step": 6173, "val_loss": 117.15497589111328, "test_precision": 0.6868635437881874, "test_recall": 0.7165368271954674, "test_f1": 0.7013864818024262}